,default_rate,num_obs
A,0.0667598741699,20027
B,0.120535541539,25843
C,0.168242085897,15763
D,0.205868544601,8520
E,0.228540772532,1864
F,0.309314586995,569
